num_classes,subset_pct,accuracy_mean,accuracy_std,accuracy_min,accuracy_max,balanced_accuracy_mean,balanced_accuracy_std,balanced_accuracy_min,balanced_accuracy_max,f1_macro_mean,f1_macro_std,f1_macro_min,f1_macro_max,auroc_macro_mean,auroc_macro_std,auroc_macro_min,auroc_macro_max,auprc_macro_mean,auprc_macro_std,auprc_macro_min,auprc_macro_max,mcc_mean,mcc_std,mcc_min,mcc_max,precision_macro_mean,precision_macro_std,precision_macro_min,precision_macro_max,recall_macro_mean,recall_macro_std,recall_macro_min,recall_macro_max,num_samples_first,samples_per_class_first
2,10,0.9573999999999999,0.043771185346831394,0.8685,0.994,0.9573999999999999,0.04377118534683139,0.8685,0.994,0.9573706701830623,0.043823108702821544,0.868393102297341,0.993999945999514,0.98781488,0.019235161622165625,0.940933,0.999779,0.9879153217943661,0.01904230262029206,0.9418432213759076,0.9997810625874883,0.9152557622814101,0.08693397792373717,0.7382001818361983,0.9880316175176489,0.9578564317384504,0.043164426333433537,0.8697011590658048,0.9940316180235536,0.9573999999999999,0.04377118534683139,0.8685,0.994,1200,600
2,20,0.9632599999999999,0.03732099498495006,0.87,0.996,0.9632599999999999,0.03732099498495003,0.8700000000000001,0.996,0.9632192542186041,0.03740861147565875,0.8694819739546259,0.9959999639996759,0.9907736799999999,0.014533389066846506,0.9534530000000001,0.9998929999999999,0.990851800008687,0.014337091918174187,0.9545936628068683,0.9998936826602707,0.9271482056137239,0.07352411962044506,0.7459450015355249,0.9920317455237933,0.9638897563173005,0.03620521099188006,0.8759688819701582,0.996031746031746,0.9632599999999999,0.03732099498495003,0.8700000000000001,0.996,2400,1200
2,30,0.96718,0.03385689245436839,0.8985,0.9965,0.96718,0.03385689245436836,0.8985000000000001,0.9964999999999999,0.9671738766223588,0.03386727908497249,0.8984926660951253,0.9964999781248634,0.9916135799999999,0.013369424925833581,0.9619190000000001,0.999937,0.9917043278847381,0.013263351379433892,0.961488133882971,0.9999372973648615,0.9345192843887584,0.06756418694646442,0.7971151914683522,0.9930124127327392,0.9673393459960289,0.0337076136431156,0.8986151997927401,0.9965124128103202,0.96718,0.03385689245436836,0.8985000000000001,0.9964999999999999,3600,1800
2,40,0.9687,0.034327467136390954,0.8965,0.9975,0.9687,0.03432746713639093,0.8965000000000001,0.9975,0.9686859140088541,0.03435381951185402,0.8964906582819099,0.9974999843749024,0.99198588,0.012778595174385675,0.9587610000000001,0.999998,0.9921087812513087,0.012550212043913461,0.959561171227143,0.9999980024955085,0.9376750497098896,0.06822035788183191,0.7931431752658696,0.995012437733208,0.968975377023787,0.033894376746215524,0.8966431881909369,0.9975124378109452,0.9687,0.03432746713639093,0.8965000000000001,0.9975,4800,2400
2,50,0.97098,0.030912672697994494,0.9105,0.9975,0.97098,0.03091267269799448,0.9105000000000001,0.9975,0.970972443129959,0.030925216461228477,0.9104659546792668,0.9974999993749998,0.99305606,0.010868315773691278,0.9697910000000001,0.999997,0.9931356851214969,0.010673298614686985,0.970171118730014,0.9999970044855404,0.9421586683765044,0.06158996123613423,0.8216250836546287,0.995012437733208,0.9711787426149664,0.030677453543683193,0.9111253216141753,0.9975124378109452,0.97098,0.03091267269799448,0.9105000000000001,0.9975,6000,3000
2,60,0.97214,0.031523311480024865,0.9065,0.9985,0.97214,0.03152331148002486,0.9065,0.9984999999999999,0.97212781335266,0.03154712275822389,0.9063463846574343,0.9984999966249923,0.9933011399999999,0.010626529412983357,0.969828,0.999999,0.993436953693941,0.010379543943142016,0.9705241728183632,0.999999000999001,0.9445361360928298,0.06261706988463872,0.8156802425382013,0.9970044865302841,0.9723963926518912,0.031094739952832465,0.9091846605579206,0.9985044865403789,0.97214,0.03152331148002486,0.9065,0.9984999999999999,7200,3600
2,70,0.97316,0.029973849713819996,0.9145,0.999,0.97316,0.02997384971381995,0.9145000000000001,0.999,0.9731568230516017,0.02997821826508106,0.9144738076035785,0.998999998999999,0.9939214,0.009567437448624008,0.9739850000000001,1.0,0.9940211654874312,0.009356162803613554,0.9746479364596066,1.0,0.9464334681191029,0.05986226248878037,0.8295082294835335,0.998001996005988,0.9732734990130893,0.029888706201463926,0.9150083852719582,0.999001996007984,0.97316,0.02997384971381995,0.9145000000000001,0.999,8400,4200
2,80,0.97324,0.03043713466584308,0.907,0.9995,0.97324,0.030437134665843073,0.907,0.9995,0.9732331717120536,0.030450404950819975,0.9068655138019299,0.999499999875,0.9939731,0.009541784214705347,0.9733580000000001,1.0,0.9940630457458561,0.009393315796293265,0.973680347983855,1.0,0.9466522372852979,0.0606431723483962,0.8163610650713002,0.9990004995003746,0.9734123840457471,0.030207116165857712,0.9093644892901398,0.9995004995004995,0.97324,0.030437134665843073,0.907,0.9995,9600,4800
2,90,0.9739,0.029413715621571287,0.91,0.9985,0.9739,0.029413715621571287,0.9099999999999999,0.9984999999999999,0.9738896526544327,0.029434301532597983,0.9098484552532808,0.9984999966249923,0.99434714,0.009016875553094897,0.974724,1.0,0.9944705413739277,0.00875954792816841,0.9755806548623086,1.0,0.9480455129478842,0.05844217091039032,0.8227708211069551,0.9970044865302841,0.9741457389110981,0.02902951791276012,0.9127755024786666,0.9985044865403789,0.9739,0.029413715621571287,0.9099999999999999,0.9984999999999999,10800,5400
2,100,0.9749599999999999,0.02891543705358784,0.9165,1.0,0.9749599999999999,0.028915437053587817,0.9165000000000001,1.0,0.9749576805828201,0.028919429466440976,0.9164869510861071,1.0,0.99447344,0.008565678421419195,0.9759019999999999,1.0,0.9945641307265675,0.008359580443382714,0.9764878107249454,1.0,0.9499909520595443,0.05775210017699918,0.8332604345850719,1.0,0.975030961443958,0.028836693477010247,0.9167604752970606,1.0,0.9749599999999999,0.028915437053587817,0.9165000000000001,1.0,12000,6000
3,10,0.9653733333333334,0.04593124088122254,0.8676666666666667,0.996,0.9653733333333334,0.045931240881222545,0.8676666666666667,0.996,0.9652819768770055,0.046110297452473435,0.8668419464145676,0.995999995999996,0.9931095500000001,0.011943752387638578,0.9671405000000001,0.9999545,0.9868316868110343,0.0226269914397895,0.9377218908404544,0.9999095173976015,0.9484701749753335,0.06813041155662099,0.8048924610953749,0.9940106028363124,0.9660305490000082,0.04472302885161353,0.8706233526457284,0.996021078682369,0.9653733333333334,0.045931240881222545,0.8676666666666667,0.996,1800,600
3,20,0.9689466666666666,0.041503868628250944,0.88,0.998,0.9689466666666666,0.04150386862825093,0.88,0.9979999999999999,0.9688251977308089,0.041762381701588934,0.8775978696623984,0.997999997999998,0.9946013966666666,0.009313387828803192,0.9751373333333332,0.9999735,0.9898092816058268,0.017333383861459523,0.9526605362701926,0.9999472667616466,0.9536648655362187,0.0617780316147142,0.8238482579429919,0.9970006646673314,0.9692395163865762,0.04096074997506523,0.8839278380628451,0.9980013253386346,0.9689466666666666,0.04150386862825093,0.88,0.9979999999999999,3600,1200
3,30,0.9721733333333333,0.03838247092194659,0.891,0.9976666666666667,0.9721733333333333,0.03838247092194658,0.891,0.9976666666666666,0.9720890354400086,0.03856580102897467,0.8896901015756365,0.9976666660833332,0.99528132,0.008274654899395923,0.9777678333333334,0.9999898333333334,0.9910275580091992,0.015622733974808862,0.9582397093144078,0.9999797443111184,0.9584981015696848,0.05710686305450583,0.8389820242802477,0.9965014947533632,0.9725054680307775,0.0377616976134168,0.8937582253750942,0.9976696456934779,0.9721733333333333,0.03838247092194658,0.891,0.9976666666666666,5400,1800
3,40,0.9734533333333333,0.036854051488419984,0.893,0.998,0.9734533333333333,0.036854051488419984,0.8929999999999999,0.9979999999999999,0.9733996948843325,0.036964783348505045,0.892622763798791,0.997999997999998,0.9955678666666666,0.007866012407394676,0.9776568333333334,0.9999825000000001,0.9916060097903234,0.014833452658211427,0.9580203074065637,0.9999652128666371,0.9602844258090596,0.05510750691612631,0.8397271769311966,0.9970006646673314,0.9735603470007885,0.03671851255145087,0.8927213388675049,0.9980013253386346,0.9734533333333333,0.036854051488419984,0.8929999999999999,0.9979999999999999,7200,2400
3,50,0.97504,0.03441230400113696,0.9026666666666666,0.998,0.97504,0.034412304001136935,0.9026666666666667,0.9979999999999999,0.9750225763888382,0.03444914515142372,0.9022340979162305,0.997999997999998,0.9960387133333333,0.007056849792237924,0.9801748333333333,0.9999973333333334,0.9924770383621697,0.013301891393581771,0.9627604557528308,0.9999946772802096,0.9626333238554239,0.05149637513571968,0.8545184226827389,0.9970026586773014,0.9751551200909835,0.03423510468233266,0.9028818100257648,0.9980053014181559,0.97504,0.034412304001136935,0.9026666666666667,0.9979999999999999,9000,3000
3,60,0.9755733333333333,0.03353418929766831,0.9066666666666666,0.9986666666666667,0.9755733333333333,0.0335341892976683,0.9066666666666667,0.9986666666666667,0.9755264134632442,0.03362667351285578,0.9064067241800267,0.9986666666666667,0.9964176066666667,0.006358069012477807,0.9820803333333332,0.999991,0.9931855748936016,0.012035976195121723,0.9656834053706529,0.9999820411154422,0.9634816356578484,0.05008763237502985,0.8612026480293211,0.998,0.9757262990668809,0.03328688775387316,0.9085866281917676,0.9986666666666667,0.9755733333333333,0.0335341892976683,0.9066666666666667,0.9986666666666667,10800,3600
3,70,0.97636,0.033327488376436065,0.9096666666666666,0.999,0.97636,0.033327488376436065,0.9096666666666667,0.999,0.9763193612696479,0.03340977583629507,0.9096822289051465,0.99899999975,0.99643707,0.006396269594951151,0.9830899999999999,0.9999943333333334,0.9932313278658021,0.0121059697914003,0.9677144368222713,0.9999886964033742,0.9646664651105814,0.04974665828957061,0.8653848757458145,0.9985001664167082,0.976537654735578,0.032991040886430935,0.9114663561397229,0.9990003323336657,0.97636,0.033327488376436065,0.9096666666666667,0.999,12600,4200
3,80,0.9763333333333334,0.032824307840153846,0.9086666666666666,0.9983333333333333,0.9763333333333333,0.03282430784015384,0.9086666666666666,0.9983333333333334,0.9763076982361647,0.03287658540297085,0.9084286491965021,0.9983333329166665,0.9964940066666667,0.006272365450334214,0.9826266666666665,0.9999933333333333,0.9933074192192818,0.011862574108031033,0.9672253824708411,0.9999867105956003,0.9646296910369884,0.04900587179587213,0.8635014081434066,0.9975001662500415,0.9765446529433188,0.03246299864233576,0.9092192819015029,0.9983336650003317,0.9763333333333333,0.03282430784015384,0.9086666666666666,0.9983333333333334,14400,4800
3,90,0.9778133333333333,0.031006433024275616,0.9116666666666666,0.9983333333333333,0.9778133333333333,0.0310064330242756,0.9116666666666667,0.9983333333333334,0.9777921290894946,0.03104843330983561,0.9116395224126211,0.9983333329166665,0.9967428633333334,0.005737255256514465,0.9842733333333333,0.999996,0.9937518113534829,0.01084690277284001,0.9702344339876937,0.9999920175627627,0.9667784476452758,0.04642859192690465,0.867597754854214,0.9975001662500415,0.9778898030231694,0.030924645392882723,0.9118095379142966,0.9983336650003317,0.9778133333333333,0.0310064330242756,0.9116666666666667,0.9983333333333334,16200,5400
3,100,0.9769333333333333,0.03201547658150259,0.9113333333333333,0.9983333333333333,0.9769333333333333,0.0320154765815026,0.9113333333333333,0.9983333333333334,0.9768623612802492,0.03216080111454432,0.9110040076480731,0.9983333329166665,0.9968109599999999,0.005653463449275281,0.9846773333333333,0.9999961666666667,0.9939371695164999,0.010655814332176031,0.9710634041955969,0.9999923512509931,0.965575406554012,0.04767775621229677,0.8673645142512014,0.9975001662500415,0.9771553993594984,0.03159244969640682,0.9114288036219277,0.9983336650003317,0.9769333333333333,0.0320154765815026,0.9113333333333333,0.9983333333333334,18000,6000
4,10,0.96848,0.029119269822576264,0.91225,0.9915,0.96848,0.029119269822576267,0.91225,0.9915,0.9685475764612952,0.02900673341383229,0.9124602689242596,0.9915007096774748,0.9967688416666667,0.004605327711451283,0.9868513333333334,0.9998033333333333,0.9911224750752267,0.012642355066922814,0.9643741623728768,0.9994502415700283,0.9581584547072779,0.03855027182374638,0.8840169835016525,0.9886697150696544,0.9691642465269666,0.02808365703666157,0.914659880481218,0.9915105979204055,0.96848,0.029119269822576267,0.91225,0.9915,2400,600
4,20,0.97392,0.025064263238058018,0.91925,0.993,0.97392,0.025064263238057997,0.91925,0.9929999999999999,0.9739630853137271,0.024997341278493523,0.9195338853208537,0.9930005048051681,0.9975646716666666,0.003587298893159001,0.9897779166666667,0.9998348749999999,0.9933224936362354,0.00982359259712397,0.9718947451935169,0.9995208150560809,0.9652942875893991,0.0333374965013075,0.8926341273278594,0.9906776467380997,0.9742114850025753,0.02467981109815839,0.9208074275395522,0.9930340728431857,0.97392,0.025064263238057997,0.91925,0.9929999999999999,4800,1200
4,30,0.97845,0.020612243529837655,0.9385,0.99625,0.97845,0.02061224352983764,0.9385,0.99625,0.9784744718620029,0.020576668030033496,0.9388037618293129,0.9962501178166349,0.9982277583333334,0.0025074259021272325,0.9930199166666667,0.9999211666666667,0.995163555040055,0.006775268343241972,0.981172417456575,0.9997688170527805,0.9713027247158895,0.02745972336552695,0.9180622008212298,0.995001243752332,0.9786062745356956,0.02047186003165149,0.9392958672699535,0.996253967577064,0.97845,0.02061224352983764,0.9385,0.99625,7200,1800
4,40,0.97895,0.019727307638567084,0.939,0.99525,0.97895,0.019727307638567063,0.9390000000000001,0.99525,0.9789611793297993,0.019711430112572217,0.9392359424535063,0.9952497368688964,0.9983264466666667,0.0023995548081413563,0.9933388333333334,0.9999276666666667,0.9954617687568887,0.006466767029566261,0.9818123574301849,0.9997861209620218,0.9719620505213973,0.026284608951514042,0.9187335835329787,0.9936682399759588,0.9790583816727002,0.01964002761821568,0.9396782421657108,0.9952541997551623,0.97895,0.019727307638567063,0.9390000000000001,0.99525,9600,2400
4,50,0.98001,0.019560467146773373,0.9415,0.99575,0.98001,0.01956046714677337,0.9415,0.99575,0.9800076319646877,0.019578104978817037,0.9413922027416461,0.9957512311551713,0.9984927583333334,0.0022150447854987305,0.9939779166666667,0.9999465833333333,0.9958510170984173,0.005979835327353128,0.9837112457143246,0.999843375721842,0.9734062136317405,0.026018713601246947,0.922009066467064,0.9943426967711476,0.9801808394237687,0.019415583046672364,0.9413115119687535,0.9957780133607499,0.98001,0.01956046714677337,0.9415,0.99575,12000,3000
4,60,0.9810800000000001,0.01900927953220041,0.93625,0.99575,0.9810800000000001,0.0190092795322004,0.93625,0.9957499999999999,0.9810882765867688,0.018993390107197205,0.936306757526928,0.9957502457502457,0.99857304,0.002192231220046603,0.9930339166666666,0.9999378333333333,0.9961051079539105,0.005946801972356722,0.9810426354714854,0.9998163617720203,0.9747923253515401,0.025326838051846833,0.9151018107399822,0.9943339962228852,0.9811534202138178,0.018921263882173422,0.9366632087825215,0.995752483009932,0.9810800000000001,0.0190092795322004,0.93625,0.9957499999999999,14400,3600
4,70,0.98218,0.018172856361434585,0.944,0.99675,0.98218,0.01817285636143458,0.9440000000000001,0.99675,0.9821995356872592,0.018132874407443652,0.9442456679041763,0.9967499583118561,0.9986826883333333,0.0020462583658084972,0.9940226666666667,0.9999509583333333,0.9963855784960003,0.00556100943943874,0.9836569064538407,0.9998581456439168,0.9762605632016553,0.02421535383835539,0.9253803746980456,0.9956727236941593,0.9822800687341483,0.01804840846039261,0.9446320075605277,0.9967680842840143,0.98218,0.01817285636143458,0.9440000000000001,0.99675,16800,4200
4,80,0.98265,0.017734735220276986,0.946,0.99575,0.98265,0.01773473522027699,0.946,0.99575,0.9826465540640228,0.017746329519192486,0.9458644428406541,0.9957519551822726,0.9987917266666666,0.0018597563258251864,0.9951305833333333,0.9999750833333334,0.9966913536565155,0.005027027160668661,0.9867874374585893,0.9999267050050802,0.9769075696049739,0.02357873641741333,0.9286226180345789,0.9943383878996522,0.9827633280020174,0.017561316523345454,0.9475360607499896,0.9957690046258614,0.98265,0.01773473522027699,0.946,0.99575,19200,4800
4,90,0.9828600000000001,0.017564328196660397,0.94575,0.996,0.9828600000000001,0.01756432819666039,0.94575,0.996,0.9828696843082579,0.017548367555458938,0.9457338213559223,0.9960003697527098,0.9988191216666666,0.0018616545912488697,0.9948782083333333,0.9999539166666668,0.9967873525183493,0.004989457276037263,0.9860605631379314,0.9998675428026311,0.9771682597561738,0.023407558538013875,0.9277361721718899,0.9946718887077902,0.9829442362085521,0.017497660677355063,0.9459303822635327,0.9960158100875838,0.9828600000000001,0.01756432819666039,0.94575,0.996,21600,5400
4,100,0.98373,0.016308535597451206,0.95025,0.99625,0.98373,0.0163085355974512,0.95025,0.9962500000000001,0.9837322993194278,0.016305660886827212,0.9502207069165767,0.996249993437476,0.9989092183333333,0.0017032438329372167,0.9952509583333333,0.9999575833333333,0.9970534207863906,0.004506817578380563,0.9874036845957903,0.9998747270001003,0.9783328465467193,0.021714178371529277,0.933745493676055,0.9950014095863288,0.9838126002861618,0.016211845840112333,0.9504234765258182,0.9962542238138647,0.98373,0.0163085355974512,0.95025,0.9962500000000001,24000,6000
5,10,0.947848,0.03776754691530813,0.8684,0.9788,0.947848,0.037767546915308106,0.8684000000000001,0.9788,0.9476371141560443,0.03827818816992986,0.8648043025816227,0.9788204848480442,0.994378651,0.007040357229645027,0.97913705,0.9992242250000001,0.9814345465159452,0.022582795008581538,0.9354425204531577,0.9969211444110883,0.934975580013404,0.04702816300598926,0.8370498935004225,0.9735355346955364,0.9480881616928905,0.03804385115431427,0.8677370404352089,0.9789842433342866,0.947848,0.037767546915308106,0.8684000000000001,0.9788,3000,600
5,20,0.954944,0.031763685764302184,0.8912,0.9802,0.954944,0.031763685764302156,0.8911999999999999,0.9802,0.9547285508867358,0.032263928435969445,0.8890520727555933,0.9802409152676568,0.995791141,0.005244348261426671,0.9852917500000002,0.9993334749999999,0.9855819448771228,0.01752343128558369,0.9504014690423735,0.9975458302532803,0.9438682678269444,0.03941663772780997,0.8648091480499702,0.9752697494123903,0.9552616884681254,0.03162206808152725,0.8901004012068239,0.9803612828052236,0.954944,0.031763685764302156,0.8911999999999999,0.9802,6000,1200
5,30,0.957808,0.03138383235574223,0.894,0.9848,0.957808,0.03138383235574223,0.8939999999999999,0.9847999999999999,0.9576832777903814,0.03166257208110556,0.8939849231243086,0.9848113172200591,0.9961790279999999,0.00494587621705111,0.98556785,0.9994325250000001,0.9869559420817204,0.016508272794554017,0.9514168239544881,0.9979662979573657,0.9473623244908069,0.0391258374629382,0.8675773045819108,0.9810057389003589,0.9579564563553113,0.03154701681990863,0.8944385787880513,0.9848454419656019,0.957808,0.03138383235574223,0.8939999999999999,0.9847999999999999,9000,1800
5,40,0.9607040000000001,0.028965733778610444,0.901,0.9844,0.9607039999999999,0.02896573377861041,0.901,0.9844000000000002,0.9606342009879808,0.029175353986365594,0.8995246872694416,0.9844462523305776,0.996621875,0.004301754555707721,0.9881046,0.9995094499999999,0.9882955646449243,0.01453661558769432,0.9591024211947324,0.9981571233594824,0.9509823594530862,0.03607856542375982,0.8770746185226176,0.9805642290605742,0.9609605484728604,0.028888729192697474,0.9013099671890453,0.984743389702453,0.9607039999999999,0.02896573377861041,0.901,0.9844000000000002,12000,2400
5,50,0.9631919999999999,0.029074357545209248,0.9054,0.9864,0.9631919999999999,0.02907435754520925,0.9054,0.9864,0.9630181249025587,0.029435023272379134,0.9048689665828634,0.9864193941181503,0.996837857,0.004056957224693868,0.98833835,0.9995522749999999,0.9890620388869784,0.013663320889089687,0.9607842022131455,0.9982561473280647,0.9541338447848642,0.03612622551853865,0.8818234148553072,0.9830103708141185,0.9634073365521363,0.028948944216839557,0.9048589877728551,0.9864799017848759,0.9631919999999999,0.02907435754520925,0.9054,0.9864,15000,3000
5,60,0.964616,0.02861846257226269,0.9058,0.988,0.964616,0.028618462572262672,0.9057999999999999,0.9879999999999999,0.9646462713212006,0.028585681561369564,0.904126693601134,0.9880024934976166,0.997008952,0.003990652025025438,0.9887374999999998,0.9995883000000001,0.9895572026945623,0.013589895831441766,0.9615996717610518,0.9983710771515659,0.9558815885021928,0.03558804426542272,0.8832478387830424,0.9850003940002363,0.9651038517201657,0.027853868353593884,0.9064675465297402,0.9880065757908868,0.964616,0.028618462572262672,0.9057999999999999,0.9879999999999999,18000,3600
5,70,0.965376,0.027494988634294816,0.9066,0.9876,0.965376,0.027494988634294774,0.9065999999999999,0.9875999999999999,0.9652134068409084,0.027880923015052305,0.9035628424943957,0.987623883296326,0.997205548,0.003528422466459861,0.99015675,0.9996240999999999,0.9902544329114248,0.011963234799910651,0.9659940597532287,0.998512301219851,0.9568854824428551,0.0340808903804897,0.8855687536992666,0.9845150139684454,0.9657314924860073,0.02705882951710219,0.9104498904205542,0.9877069559739052,0.965376,0.027494988634294774,0.9065999999999999,0.9875999999999999,21000,4200
5,80,0.966096,0.02887641021087399,0.9058,0.9876,0.966096,0.028876410210874,0.9057999999999999,0.9876000000000001,0.9661392983875758,0.028816025618597165,0.9059097631807299,0.9876102992719484,0.99719981,0.0037312699520823376,0.98943895,0.9996306,0.9902080722225496,0.012741894293380303,0.963946445246736,0.9985726815897451,0.9576991644326892,0.035968390391852255,0.8824781500940113,0.9845081222255126,0.9664910350751825,0.028266016970144466,0.9069232691667635,0.9876531427559765,0.966096,0.028876410210874,0.9057999999999999,0.9876000000000001,24000,4800
5,90,0.96788,0.026342298052118896,0.915,0.9882,0.96788,0.026342298052118896,0.915,0.9882,0.967846568866421,0.02642730013235005,0.9148334962730365,0.988208827131778,0.9973269379999999,0.003524479857510298,0.989532075,0.999617325,0.9906162760256068,0.012041246290758506,0.9638394430185047,0.9984930372751343,0.9598926582181277,0.03288515997431151,0.8938537377459974,0.985252413871371,0.9679817972404904,0.026344246525664083,0.9150912135187651,0.9882272986264103,0.96788,0.026342298052118896,0.915,0.9882,27000,5400
5,100,0.968608,0.025983551207125883,0.916,0.9884,0.968608,0.025983551207125852,0.916,0.9884000000000001,0.9685248691865114,0.026169707541171962,0.9161988939096467,0.9884048835903865,0.9974605580000001,0.003307865589998461,0.9906507,0.9996510000000001,0.9911326757753792,0.011226788193281727,0.9678973946976134,0.9987127089657793,0.9608525238980371,0.03232835759424457,0.8951183872355856,0.9855034985436298,0.96880670266581,0.02575890792303628,0.9168476012383941,0.9884236559830724,0.968608,0.025983551207125852,0.916,0.9884000000000001,30000,6000
6,10,0.89492,0.030139418326122963,0.8521666666666666,0.941,0.8949199999999999,0.030139418326122967,0.8521666666666667,0.941,0.894760591980518,0.03032674786903291,0.8517084705845642,0.9407015995871867,0.9872066026666667,0.005760707546561152,0.9794912833333335,0.9957132666666667,0.9484305451708849,0.021685699675756672,0.9228845135651986,0.9813968605236022,0.8744806269425102,0.035801909348600926,0.8251482242550108,0.9293214702547622,0.8973433811730669,0.02882897775363634,0.8571862025775688,0.9410061914296728,0.8949199999999999,0.030139418326122967,0.8521666666666667,0.941,3600,600
6,20,0.90608,0.028232300256581588,0.869,0.949,0.90608,0.028232300256581584,0.8689999999999999,0.949,0.9056935211912321,0.028408016760586515,0.8687918374348146,0.9489028623275356,0.9896968660000001,0.004647664844812977,0.98406275,0.9962949833333333,0.9584889174175146,0.017618380903129886,0.9364819267403045,0.9839096475576566,0.8878133709127818,0.03362998695164675,0.8442241974696321,0.938819997078909,0.907837469218376,0.02740080096461639,0.8724632528820301,0.9489042972646146,0.90608,0.028232300256581584,0.8689999999999999,0.949,7200,1200
6,30,0.9147733333333333,0.02681231405875267,0.875,0.9555,0.9147733333333333,0.02681231405875264,0.875,0.9554999999999999,0.9145946288822333,0.026940591270346318,0.8754158232837642,0.9555893746132674,0.9910369440000001,0.004215650578331332,0.9855074,0.9971005833333334,0.9634591354770382,0.016274302820950774,0.9415497384734484,0.9868794686378259,0.8979661563614495,0.032052145229642025,0.8505964772691773,0.9466696774524851,0.9155615586248321,0.02648467255756366,0.8789596305454975,0.9560212623397778,0.9147733333333333,0.02681231405875264,0.875,0.9554999999999999,10800,1800
6,40,0.9197333333333333,0.025409698498364323,0.887,0.9583333333333334,0.9197333333333333,0.025409698498364334,0.887,0.9583333333333334,0.9196055375093796,0.025543072596744848,0.8866457762930255,0.9582195247053402,0.9919868926666666,0.0037951353021374134,0.9867773333333334,0.9973953333333333,0.9672082974542568,0.014629275995072018,0.9474664302427156,0.9886043624915972,0.9039429263372292,0.03036550236282981,0.8645271813032427,0.9501888846511581,0.9207278040310115,0.025073849544636605,0.8869516055780231,0.9590128459350248,0.9197333333333333,0.025409698498364334,0.887,0.9583333333333334,14400,2400
6,50,0.9230533333333334,0.02346592880784425,0.8938333333333334,0.9585,0.9230533333333334,0.023465928807844268,0.8938333333333334,0.9585,0.9229811287934987,0.023508476576763762,0.8930540142992579,0.9583489233505332,0.9925964933333333,0.003418864216495492,0.9887391666666666,0.9974698499999999,0.9694677445888614,0.01331721246500962,0.9548241941243895,0.9891429190561069,0.9078561958533262,0.028068721955682312,0.8730429488528069,0.9502975372094437,0.9238224742668387,0.02313884660944643,0.8944200166186124,0.9586868863793301,0.9230533333333334,0.023465928807844268,0.8938333333333334,0.9585,18000,3000
6,60,0.9268333333333334,0.023564578329599975,0.9006666666666666,0.9626666666666667,0.9268333333333334,0.023564578329599968,0.9006666666666666,0.9626666666666667,0.926675542004794,0.02372132301902355,0.8988819901751683,0.9626526341485658,0.9931749379999999,0.003268737217719917,0.9895587333333333,0.9979807166666667,0.9717896561077113,0.012783793798240954,0.9576124750556022,0.9910401642823351,0.9123870564582681,0.028151963755193656,0.8814589421919677,0.9552061770199172,0.9274121279724329,0.023282906679305614,0.9005599712066328,0.9626700015702735,0.9268333333333334,0.023564578329599968,0.9006666666666666,0.9626666666666667,21600,3600
6,70,0.9287399999999999,0.022198550586652013,0.9041666666666667,0.9621666666666666,0.9287399999999999,0.022198550586652016,0.9041666666666668,0.9621666666666666,0.9286002449307766,0.02231216292108671,0.9043302839246321,0.9619961056208113,0.9935717573333334,0.003082768381591263,0.9902919333333333,0.9979531333333332,0.973320977919943,0.012177110439923648,0.9596852713879885,0.9906401206021953,0.9146360803219991,0.026555027462978227,0.8851124459270252,0.9547563700733571,0.9291554666772953,0.02207243889668463,0.9050589176855225,0.9625983093664972,0.9287399999999999,0.022198550586652016,0.9041666666666668,0.9621666666666666,25200,4200
6,80,0.93038,0.023410958181222793,0.9023333333333333,0.9646666666666667,0.93038,0.023410958181222807,0.9023333333333334,0.9646666666666666,0.9302705549454103,0.023525237322392423,0.9016194694002815,0.9646657217860057,0.9937554133333333,0.003103366069723071,0.990358,0.9981914000000001,0.9742067598545332,0.01234758639608431,0.9598427565598989,0.9919744608331955,0.9166076561018606,0.02800700541323474,0.8830265253593589,0.9576073736051652,0.9308850614596027,0.023241124618403945,0.9019996344346536,0.9647009633332878,0.93038,0.023410958181222807,0.9023333333333334,0.9646666666666666,28800,4800
6,90,0.9333400000000001,0.020859343762981188,0.902,0.9631666666666666,0.9333400000000001,0.0208593437629812,0.902,0.9631666666666666,0.9331192950508138,0.021060081389794743,0.9003171837779438,0.9632891651551049,0.9941334146666666,0.002793808671106193,0.9905973666666666,0.9982251666666665,0.9756276287117963,0.01106150345428117,0.9611109858698622,0.9920477112105773,0.9201436930589203,0.024950024504623813,0.882899833360247,0.9558754852813492,0.9335599228379979,0.020859214527431176,0.9011667030180258,0.9637722204261226,0.9333400000000001,0.0208593437629812,0.902,0.9631666666666666,32400,5400
6,100,0.93314,0.021210512330760278,0.909,0.9645,0.93314,0.02121051233076023,0.9090000000000001,0.9645,0.9330239764051081,0.02129053847670477,0.9088759108340171,0.9644781790547343,0.994209456,0.002852065785644736,0.9908495666666667,0.9983664333333334,0.9759288663151863,0.011367846262729442,0.9618172528622582,0.9926671489819303,0.9198762772323853,0.025413047895841655,0.8909892365100911,0.9574323617607505,0.9334277418867579,0.02118456557173415,0.9093544420081582,0.9646776218334576,0.93314,0.02121051233076023,0.9090000000000001,0.9645,36000,6000
7,10,0.9136514285714286,0.04724064677248813,0.8305714285714285,0.9628571428571429,0.9136514285714286,0.047240646772488105,0.8305714285714286,0.9628571428571429,0.9135356305412771,0.047376261011748126,0.829243801114289,0.9628665461207301,0.9911728633333332,0.007705219753646265,0.9764026666666666,0.9986236785714286,0.9596595849909234,0.03348285582731775,0.896878187510354,0.9928782381154119,0.8995687608711832,0.05490213582520027,0.8025907387074931,0.9566925660517047,0.9152447071458971,0.046311357287992204,0.8294332344317255,0.9631797400579656,0.9136514285714286,0.047240646772488105,0.8305714285714286,0.9628571428571429,4200,600
7,20,0.9236685714285714,0.041476505930679454,0.8562857142857143,0.9717142857142858,0.9236685714285714,0.041476505930679475,0.8562857142857142,0.9717142857142856,0.9239147502934031,0.04134441933041027,0.8575310053573532,0.9717296082377189,0.9929176047619047,0.006097138667636315,0.9826227380952381,0.9988616071428572,0.9672830922308842,0.026670524858283303,0.9237538439691779,0.9942784025373094,0.9111721848466875,0.0482330840542111,0.8331035762794999,0.9670457285291991,0.9254109082159228,0.04042183559323241,0.8594329145257678,0.9720189131324067,0.9236685714285714,0.041476505930679475,0.8562857142857142,0.9717142857142856,8400,1200
7,30,0.9300857142857143,0.041374533723249694,0.8537142857142858,0.9751428571428571,0.9300857142857143,0.041374533723249715,0.8537142857142855,0.9751428571428571,0.9296350962213468,0.041934988105698026,0.8525048737756329,0.9751765007607275,0.9938794471428571,0.005646345105222109,0.9832191904761906,0.999175,0.9715129008512119,0.02477668528473971,0.9265533144606145,0.9957376823944118,0.9186915406377397,0.04800378378462994,0.8302613725613232,0.9710097563851382,0.9307071170691628,0.04090640657201085,0.8574309504646234,0.9752685445393406,0.9300857142857143,0.041374533723249715,0.8537142857142855,0.9751428571428571,12600,1800
7,40,0.9350571428571429,0.037868843654485805,0.867,0.9761428571428571,0.9350571428571428,0.037868843654485805,0.867,0.9761428571428571,0.9347017323370593,0.03834699185096938,0.8649302238210375,0.9761718391265924,0.9945072152380952,0.005031062510839655,0.9857886190476189,0.9992845595238096,0.9742162577789882,0.022325298983595546,0.9360930215246172,0.9960604404106709,0.9244042687913263,0.04400261180863043,0.8459591476989379,0.972182916145494,0.935345437236891,0.03777877071435201,0.8694237719415577,0.9762982654877186,0.9350571428571428,0.037868843654485805,0.867,0.9761428571428571,16800,2400
7,50,0.9388228571428572,0.036202714409450644,0.8788571428571429,0.9772857142857143,0.9388228571428572,0.03620271440945066,0.8788571428571429,0.9772857142857144,0.9387887438397508,0.036347104509553835,0.8788928884830911,0.9772946619101581,0.995017200952381,0.004503618784827692,0.986995261904762,0.9993984166666666,0.9762712466419547,0.020344511873506554,0.9414410437220369,0.9966499618076303,0.9287391561481031,0.04215083663060491,0.858892012232914,0.9735257292342705,0.9393858755843978,0.03601486886120392,0.8801886160336616,0.9774579514243934,0.9388228571428572,0.03620271440945066,0.8788571428571429,0.9772857142857144,21000,3000
7,60,0.9403028571428571,0.035434578983742734,0.8741428571428571,0.9778571428571429,0.9403028571428571,0.035434578983742714,0.8741428571428572,0.977857142857143,0.9399582320566655,0.03594015701431978,0.8719643226950968,0.9778727992648637,0.9953159742857143,0.004245544945639864,0.987240511904762,0.9994182142857142,0.9778342501864462,0.01890685158203953,0.9439156861586099,0.9969437044094888,0.9305744863337051,0.04109869373796149,0.8545936866255738,0.9742037798985473,0.9408873968612861,0.035064481043653756,0.8779491495293408,0.9781084208481362,0.9403028571428571,0.035434578983742714,0.8741428571428572,0.977857142857143,25200,3600
7,70,0.9429828571428571,0.03329195527021934,0.8888571428571429,0.9788571428571429,0.9429828571428571,0.033291955270219345,0.8888571428571428,0.9788571428571429,0.9427551405021072,0.033601471370161444,0.8876451273231487,0.9788757969540115,0.9956547785714287,0.003895602418638912,0.9887570714285715,0.9994291309523812,0.9792239264953415,0.017665587792779543,0.9486842904154581,0.9968567607992005,0.933610200410326,0.03870391913039917,0.8705301161077913,0.9753673092196948,0.9433079277187404,0.033067707028557,0.8888070180978864,0.9790955867037187,0.9429828571428571,0.033291955270219345,0.8888571428571428,0.9788571428571429,29399,4199
7,80,0.9434628571428572,0.03404869162479734,0.8891428571428571,0.9807142857142858,0.9434628571428572,0.034048691624797324,0.889142857142857,0.9807142857142858,0.943361273635389,0.034268250199967515,0.887944043091048,0.9807047604821187,0.9957139214285715,0.0039349892592578,0.989006011904762,0.9995285952380952,0.9793072159335935,0.018036801485547854,0.9497428919299521,0.9973117853987061,0.93413963524006,0.039638184333274054,0.870901592953499,0.9775051202783259,0.943833845737222,0.034003563057250434,0.8880987777834719,0.9807259926285947,0.9434628571428572,0.034048691624797324,0.889142857142857,0.9807142857142858,33600,4800
7,90,0.9451142857142857,0.032761688468278254,0.8905714285714286,0.9814285714285714,0.9451142857142857,0.03276168846827822,0.8905714285714286,0.9814285714285713,0.9450788833258207,0.03285630499473862,0.8902893166991548,0.9814598809688386,0.9959215595238095,0.0036770544180239986,0.9892390238095239,0.9995095714285714,0.9803434066884102,0.016813325596960534,0.9506911866788634,0.9971859731661422,0.9360384574861534,0.03816133565549035,0.8725849025835617,0.9783623119224043,0.9454561402735753,0.0326041167391195,0.8914607346378631,0.9816622979245979,0.9451142857142857,0.03276168846827822,0.8905714285714286,0.9814285714285713,37800,5400
7,100,0.9462171428571429,0.03215653465609185,0.8912857142857142,0.9797142857142858,0.9462171428571429,0.032156534656091834,0.8912857142857143,0.9797142857142858,0.9459338778368253,0.03246843401727618,0.8904975601670354,0.9797592083251752,0.9960706366666667,0.0035889333035277124,0.9894826666666666,0.9995642857142858,0.981068796253699,0.01639878771431858,0.9521562955363372,0.9975138066257924,0.937347448917498,0.037447225601115235,0.8732857743348338,0.9763577425820174,0.9462005264822227,0.032379286649402095,0.890398890981077,0.9799487552759679,0.9462171428571429,0.032156534656091834,0.8912857142857143,0.9797142857142858,42000,6000
8,10,0.9077,0.03116310836416463,0.86075,0.95075,0.9077,0.03116310836416463,0.86075,0.95075,0.9074697099417566,0.03169724998540799,0.8587108228000081,0.950781974671181,0.9922202242857143,0.004734344010723826,0.9844301964285714,0.9978306607142857,0.9571442478795317,0.023914106845459096,0.9197313715594502,0.9873541644050314,0.8948460933014768,0.03537383107196055,0.8417781461340891,0.9437436770464717,0.909417497448755,0.030668013379447214,0.8622639517431869,0.9510140774740852,0.9077,0.03116310836416463,0.86075,0.95075,4800,600
8,20,0.917985,0.0268348129768031,0.8725,0.954875,0.917985,0.02683481297680311,0.8725,0.954875,0.9178152734854431,0.027123689819358077,0.8705010773996722,0.954975439065338,0.9937278117857143,0.0038477456651252245,0.9868819196428571,0.9982884732142857,0.9652366429681352,0.019508109056389694,0.9324348034786034,0.9901797196626442,0.9064877873262707,0.030566296432673033,0.8551575642778391,0.9484928678743793,0.9190867255014248,0.02678691735993655,0.87402947508905,0.9555179997797578,0.917985,0.02683481297680311,0.8725,0.954875,9600,1200
8,30,0.924975,0.026355961730697666,0.87975,0.9625,0.924975,0.026355961730697673,0.87975,0.9624999999999999,0.9247043213452402,0.026703969721464178,0.8791285294237671,0.9626280418666093,0.9946529107142856,0.0034413587101120215,0.9886692410714286,0.9987496428571428,0.9701364577522196,0.017565514451015094,0.94181344568964,0.9925415845421626,0.9144808455067563,0.029985417328641795,0.8633220434038145,0.9572103428509833,0.9259292147444296,0.026191164647775027,0.8829218695737222,0.9632160316781321,0.924975,0.026355961730697673,0.87975,0.9624999999999999,14400,1800
8,40,0.92977,0.024720723425228998,0.89075,0.96375,0.92977,0.024720723425229005,0.89075,0.96375,0.9296818346473189,0.02486435787632195,0.8903403069307063,0.9638500488060922,0.9952081803571429,0.0031150469390179257,0.9896018392857143,0.9988843660714286,0.9730870199543182,0.01620065607213538,0.9449119282669198,0.9932276708939443,0.9199025848031397,0.02816148737182613,0.8753352957514384,0.9586105954616118,0.9307005811261024,0.024417606236302767,0.8926530351095703,0.9642250245571784,0.92977,0.024720723425229005,0.89075,0.96375,19200,2400
8,50,0.9343699999999999,0.024232744075252128,0.893125,0.967125,0.9343699999999999,0.024232744075252114,0.893125,0.967125,0.9343617103419379,0.024259840355887043,0.8929005064233111,0.9671641437195581,0.9956557589285714,0.0029431298107200107,0.9902383392857144,0.9989095357142856,0.9755213967159474,0.015189417093429908,0.9484047667041788,0.9933397443000398,0.9250904301635973,0.02766579224027378,0.8779724470245837,0.9624394161195196,0.9350026570919191,0.024103457663751212,0.8934208309207463,0.9672804083557107,0.9343699999999999,0.024232744075252114,0.893125,0.967125,24000,3000
8,60,0.93512,0.02441048378770893,0.89475,0.96775,0.93512,0.024410483787708926,0.8947499999999999,0.96775,0.9350988545961517,0.024536772991823226,0.8940290953282658,0.9679436854602634,0.9957799578571428,0.002940318785843449,0.9907899642857143,0.9990625625,0.9761758355696313,0.01525191316358076,0.9504609380673423,0.9941707229788184,0.9259872728877141,0.02783042064542264,0.8800599342697665,0.9632312204598409,0.9359503994222603,0.024266632362351635,0.8954528671773907,0.968724069713145,0.93512,0.024410483787708926,0.8947499999999999,0.96775,28800,3600
8,70,0.93798,0.024030191513316455,0.895375,0.969625,0.93798,0.024030191513316444,0.895375,0.969625,0.9378245339618273,0.024337451436786898,0.8948601158448612,0.9695042222902033,0.996078985,0.0027553610796591395,0.9908129642857143,0.9991328749999999,0.9777242551512445,0.014381032313094238,0.9512424038888123,0.9943605585314308,0.9292247065782064,0.027387354066343347,0.8805199772913022,0.9653239487664508,0.9383777332623393,0.024133952052975242,0.8949385456355378,0.9696571265274896,0.93798,0.024030191513316444,0.895375,0.969625,33600,4200
8,80,0.93947,0.022300512652926464,0.906625,0.970125,0.93947,0.022300512652926457,0.906625,0.9701249999999999,0.9394540732243776,0.022371516925986042,0.9074917821529478,0.9701134539567247,0.9962803192857144,0.002480663920252091,0.9922915535714285,0.9991209642857143,0.9788215127086494,0.013062882167354364,0.9585702379399862,0.9944482414673892,0.9309321703646178,0.02544214706412092,0.8934521671661961,0.9658701994407665,0.94015789011991,0.022175560148944472,0.9082970991087798,0.9701942066881569,0.93947,0.022300512652926457,0.906625,0.9701249999999999,38400,4800
8,90,0.941545,0.022906338960718562,0.90425,0.971625,0.941545,0.02290633896071856,0.90425,0.971625,0.9414670117502588,0.02306053463853443,0.9026826170395257,0.9716596395933463,0.9964218092857143,0.002479842352004071,0.9918596339285715,0.9992070535714286,0.9796486389836272,0.012923849706338406,0.9565842969612421,0.9951036437441576,0.9333144625661829,0.026089893450633964,0.8910454317018832,0.9675961198660258,0.9421909298342815,0.02263533282672585,0.90431225539716,0.9718653923479307,0.941545,0.02290633896071856,0.90425,0.971625,43200,5400
8,100,0.94231,0.021891188057831253,0.90475,0.970875,0.94231,0.021891188057831253,0.9047499999999999,0.9708749999999999,0.9422166446171417,0.02200320656966239,0.9050080760754886,0.9708726360087583,0.9965314278571428,0.0023886905437521095,0.9922366071428572,0.9991849375,0.9801889925485123,0.012524240289862555,0.9586030532500427,0.9947876437698973,0.9341619757027648,0.024955293758787092,0.8914629498087893,0.9667434265624872,0.942746846971342,0.02170627877398536,0.9075373831826747,0.9710698727363316,0.94231,0.021891188057831253,0.9047499999999999,0.9708749999999999,48000,6000
9,10,0.8740088888888888,0.01700214583406938,0.8463333333333334,0.905,0.8740088888888888,0.017002145834069365,0.8463333333333334,0.9049999999999999,0.8738489862016304,0.017206496374469454,0.8457405759288189,0.9050111442454271,0.9890256491666666,0.0024170107595988654,0.9853570277777778,0.9924149444444446,0.9354268526018545,0.012612235729268628,0.9180152626653934,0.9545019342805452,0.8588487721141602,0.01894165277718082,0.8289840317370564,0.8933632123179215,0.8780266424434764,0.01631722985936165,0.8538551246185389,0.9066855091565897,0.8740088888888888,0.017002145834069365,0.8463333333333334,0.9049999999999999,5400,600
9,20,0.89208,0.013935016733324186,0.8718888888888889,0.9171111111111111,0.89208,0.013935016733324203,0.8718888888888888,0.9171111111111111,0.8918866019204915,0.013905402260397758,0.8712585857832361,0.9168308654755235,0.9913658063888888,0.0019252885462875612,0.9882337222222222,0.9940942083333333,0.9479875231695329,0.010373400505513494,0.9309277833024944,0.9637721698083512,0.8789184896810126,0.015586184942422567,0.8560801984801343,0.9068913349128941,0.8940637879146461,0.013402285747962374,0.8721714411927812,0.9176756264315346,0.89208,0.013935016733324203,0.8718888888888888,0.9171111111111111,10800,1200
9,30,0.9008799999999999,0.012590328772546934,0.8812222222222222,0.9223333333333333,0.9008799999999999,0.01259032877254694,0.8812222222222221,0.9223333333333333,0.9007158617912101,0.012455243713383867,0.8817141404492668,0.9221413353144317,0.9925578588888889,0.001616443762566183,0.9904199722222222,0.9948916805555557,0.95490851723833,0.008747476151332709,0.943183177676915,0.9688714759338899,0.8887243421753733,0.014145354206724923,0.8667992816984976,0.9126366488671249,0.9023091676596166,0.012244341281579408,0.8856097974566587,0.922721838146566,0.9008799999999999,0.01259032877254694,0.8812222222222221,0.9223333333333333,16200,1800
9,40,0.90536,0.01311826076246765,0.8818888888888889,0.9245555555555556,0.90536,0.013118260762467669,0.8818888888888889,0.9245555555555556,0.9049587098520901,0.013233526181696327,0.883720107242498,0.9242380010709481,0.9931240394444444,0.0015356287642371788,0.9912574583333333,0.9954667777777778,0.958147009052307,0.00839916507193547,0.9484774310313246,0.9710677133275171,0.8938281803149444,0.014564431805247878,0.8678068819897696,0.915270437858052,0.9068081998599726,0.011972494265026794,0.8885204916858775,0.9249864989340514,0.90536,0.013118260762467669,0.8818888888888889,0.9245555555555556,21600,2400
9,50,0.9109688888888888,0.011307865356911563,0.8971111111111111,0.9271111111111111,0.9109688888888888,0.01130786535691157,0.8971111111111111,0.927111111111111,0.9106067107160908,0.011417692123981948,0.8961620238295224,0.9268621005735436,0.9937500563888889,0.0013320238431034819,0.9918550902777779,0.9957120625000001,0.961620908940454,0.007368244832963262,0.9506534252638293,0.9728588687188484,0.9000198132091977,0.012688044761843351,0.8843865216661252,0.9181225392813781,0.9116384401386034,0.011235397907878985,0.8970016442021923,0.9275004957116493,0.9109688888888888,0.01130786535691157,0.8971111111111111,0.927111111111111,27000,3000
9,60,0.9145822222222222,0.011327444003583542,0.8994444444444445,0.9337777777777778,0.9145822222222222,0.011327444003583579,0.8994444444444445,0.9337777777777778,0.9142227078703812,0.011496058735241664,0.8989734028060548,0.9329699149108591,0.994159135,0.0012821056226861797,0.992376263888889,0.9960148611111111,0.9639483996987086,0.007157229805884061,0.9545632805981978,0.9746961251907345,0.9040579784544495,0.012692167579112838,0.8870851901680312,0.9256860687435625,0.9150209495646845,0.011273407251830334,0.9000380700767141,0.9336172319399575,0.9145822222222222,0.011327444003583579,0.8994444444444445,0.9337777777777778,32400,3600
9,70,0.9157866666666666,0.010859461369449598,0.9017777777777778,0.9314444444444444,0.9157866666666666,0.010859461369449585,0.9017777777777778,0.9314444444444443,0.9152240678428043,0.011057464840560473,0.8998229357871905,0.9311004402798739,0.9943729147222222,0.001258895926260469,0.9924936666666668,0.9960913125,0.965175259941041,0.0071236017407929455,0.9550014653613356,0.9751367463719921,0.9054310373646992,0.012177295406310377,0.8900232526177353,0.922945864452994,0.915982401349833,0.01093983104435332,0.9020183790193421,0.931482114322238,0.9157866666666666,0.010859461369449585,0.9017777777777778,0.9314444444444443,37800,4200
9,80,0.9187022222222222,0.011105865428393225,0.9046666666666666,0.9361111111111111,0.9187022222222222,0.01110586542839326,0.9046666666666666,0.9361111111111112,0.9184553889715515,0.01111855337487263,0.9043209736580198,0.935685988973795,0.9946804930555555,0.0011672574389152508,0.9932752361111112,0.9963381388888889,0.9669700735304826,0.0065934926631836446,0.9582929323105139,0.9766644811413607,0.9086606700409018,0.012454658616137445,0.8929145222560018,0.9282269300702893,0.9191114853594429,0.010845907817676727,0.9051327099638018,0.9356635852897234,0.9187022222222222,0.01110586542839326,0.9046666666666666,0.9361111111111112,43200,4800
9,90,0.9200666666666666,0.010826493567308066,0.9057777777777778,0.9377777777777778,0.9200666666666666,0.01082649356730804,0.9057777777777779,0.9377777777777777,0.9196792546809602,0.010999972749350476,0.9054143609198272,0.9377058036374523,0.9948415491666667,0.0010940001659965812,0.9937047083333334,0.9964047430555555,0.9680176844044626,0.006142541896674315,0.9613751506882564,0.9776115675927122,0.910206527199511,0.01213034931105411,0.8940795145237301,0.9300248009920441,0.920294392125673,0.010788754408810223,0.9056598430010374,0.937833463286976,0.9200666666666666,0.01082649356730804,0.9057777777777779,0.9377777777777777,48600,5400
9,100,0.9214577777777778,0.010555376216800114,0.9048888888888889,0.9365555555555556,0.9214577777777778,0.010555376216800121,0.9048888888888889,0.9365555555555554,0.9213752506053097,0.010629565807345838,0.9048173254167199,0.9369555572601617,0.9950143269444445,0.0010942644458322407,0.9936583541666667,0.9965463402777777,0.9690788895143959,0.00599959690062191,0.9613719498148833,0.9778015711209201,0.9117274665174351,0.011853494854519723,0.893037099020082,0.9286759495920708,0.9219686622428704,0.010553521199711273,0.9050509682927523,0.9377168729278481,0.9214577777777778,0.010555376216800121,0.9048888888888889,0.9365555555555554,54000,6000
10,10,0.8746,0.002104756517984928,0.8719,0.8771,0.8746,0.002104756517984972,0.8718999999999999,0.8771000000000001,0.8737701827428396,0.002373197892705008,0.8697216188719212,0.8756133947824575,0.9897712466666666,0.0002771621157730112,0.9893423333333333,0.9899780888888889,0.933333450112982,0.0028486782625221827,0.9290686459163926,0.937035569032681,0.8610533298344869,0.002291296216435325,0.8581758208567289,0.8638547673264283,0.8762962677733551,0.0027453426955444567,0.8717865759288884,0.8784646991377361,0.8746,0.002104756517984972,0.8718999999999999,0.8771000000000001,6000,600
10,20,0.89312,0.004325736931437266,0.8865,0.8971,0.8931199999999999,0.004325736931437244,0.8864999999999998,0.8971,0.8927675209071714,0.003935814396253808,0.8865471075440338,0.8956799577701318,0.9917489388888889,0.0003853563683563354,0.9911033333333332,0.9921041666666668,0.9461368789503538,0.001766787278272659,0.9436166062755003,0.9481132829427124,0.8814489405604091,0.004898615445765516,0.8739962999232964,0.886176137928727,0.8941624443733941,0.004238867684053826,0.8875255479930587,0.8980171373174635,0.8931199999999999,0.004325736931437244,0.8864999999999998,0.8971,12000,1200
10,30,0.89564,0.003458757002161312,0.8899,0.899,0.89564,0.0034587570021612393,0.8899000000000001,0.8989999999999998,0.8951855920314271,0.0038806895434964662,0.8889623968849379,0.8993702784809973,0.9926358288888888,0.00030989753300565665,0.9923636888888888,0.9930639611111112,0.9504319072857361,0.0022700072431382323,0.9484798383838486,0.9539649173427011,0.8842986165110827,0.003591047683007733,0.8783903582851996,0.8878544127860194,0.8967555331212289,0.002620245074910232,0.8936467099200417,0.9004036020726394,0.89564,0.0034587570021612393,0.8899000000000001,0.8989999999999998,18000,1800
10,40,0.9032600000000001,0.005352849708332916,0.8967,0.9099,0.9032600000000001,0.005352849708333025,0.8966999999999998,0.9099,0.9032667701854477,0.004860148623259501,0.8977487868301811,0.9096876277581515,0.9934736933333334,0.00035809617624503573,0.9930620833333335,0.9939764999999999,0.9562077561860851,0.0020247904066672756,0.9542126813438312,0.9593697907701758,0.8926811082733025,0.005973507805039153,0.8854100277690702,0.9001015680111764,0.9046813656686175,0.0046913989238616845,0.9003099739616157,0.9111944239825274,0.9032600000000001,0.005352849708333025,0.8966999999999998,0.9099,24000,2400
10,50,0.90868,0.0026696441710460385,0.9052,0.9124,0.90868,0.002669644171046057,0.9052,0.9124000000000001,0.9077614903840182,0.0028205493233424096,0.9045654691692434,0.9118333057086565,0.9940032133333334,0.0002022838323654005,0.9936723722222223,0.9941761555555557,0.9596826182856631,0.0009541588870650038,0.9583830413061497,0.9607153462409043,0.8987506468260662,0.002909478275375098,0.8948857217294005,0.9027541477822523,0.9086986310347342,0.0024794649549640057,0.9056878736894216,0.9119901538395796,0.90868,0.002669644171046057,0.9052,0.9124000000000001,30000,3000
10,60,0.91142,0.0010281050529980104,0.9096,0.9121,0.91142,0.0010281050529980414,0.9095999999999999,0.9121,0.9110022892372397,0.001242283244570289,0.9093688031566071,0.9121209218853601,0.9943367888888888,0.00014213057968672375,0.9941221555555556,0.9944795444444443,0.9614499389758111,0.0007480654999189736,0.960795507321763,0.9624156007648634,0.9017233235806261,0.0011381807124755407,0.8997179193058017,0.9024265775953548,0.9119093720159055,0.0007840506960828151,0.9106348464637181,0.9125920291826329,0.91142,0.0010281050529980414,0.9095999999999999,0.9121,36000,3600
10,70,0.9097200000000001,0.0030359512512555037,0.9065,0.9134,0.9097200000000001,0.003035951251255472,0.9065,0.9133999999999999,0.9091300789184584,0.002810777381264872,0.9057890720810814,0.9129160807344524,0.9943584811111112,0.00028398886540290227,0.9940647666666667,0.9947698722222222,0.9617522200220071,0.0019386754344543772,0.9595625005890186,0.964707425656368,0.8999350509372326,0.003340409734749943,0.8964732498797842,0.9038452473223353,0.9105649068411935,0.002438960092203853,0.9078041231117625,0.9131759029129665,0.9097200000000001,0.003035951251255472,0.9065,0.9133999999999999,42000,4200
10,80,0.91496,0.003335116189880059,0.9112,0.9189,0.91496,0.003335116189880106,0.9112,0.9189,0.9147499044252536,0.0034575472768008935,0.9115523676185824,0.9187494353297012,0.9948680933333334,0.0003101253758164547,0.9944550777777778,0.9952234777777779,0.9647727128598401,0.0021424873935306714,0.9623108143387823,0.9670145217211491,0.9056472889862912,0.0036791308302999604,0.9013555470137617,0.9099521327599165,0.9156856357499279,0.0032190251315334624,0.9121067491014164,0.9191230131315873,0.91496,0.003335116189880106,0.9112,0.9189,48000,4800
10,90,0.91602,0.0036745067696223118,0.9114,0.9204,0.91602,0.003674506769622259,0.9113999999999999,0.9203999999999999,0.9158883196299785,0.003540845143492479,0.9111756697628405,0.9194867332047586,0.9948714266666666,0.0002281475067842295,0.9945695777777777,0.9952049777777777,0.9652674069615672,0.0012090654065743801,0.9636151249374635,0.9670293700827794,0.9068072607018063,0.004078183038481681,0.9017258575559789,0.9117518363311516,0.9167926764458416,0.0033444547205312434,0.9124114765077772,0.9202975593179692,0.91602,0.003674506769622259,0.9113999999999999,0.9203999999999999,54000,5400
10,100,0.91888,0.003316172492497928,0.9152,0.9241,0.91888,0.003316172492497863,0.9152000000000001,0.9240999999999999,0.9188682454255496,0.003061432663290619,0.9163752775921061,0.9239267757887936,0.9952284033333333,0.00025452373369158886,0.9949793222222223,0.9955828722222222,0.9672338828180589,0.0016137274289075554,0.9654395250862471,0.9695005077639969,0.9100488372776722,0.0036062818580014934,0.9062308655062917,0.9158104703764641,0.9202916714907683,0.0029422874362988283,0.9175644269076442,0.9248792101267214,0.91888,0.003316172492497863,0.9152000000000001,0.9240999999999999,60000,6000
